titulo,fecha,fuente,url
   Bitcoin eyes $90K as whales absorb 20x daily BTC supply in 30 days   ,2026-04-17,  CoinTelegraph  ,  https://cointelegraph.com/markets/bitcoin-eyes-dollar90k-as-whales-absorb-20x-daily-btc-supply-in-30-days  
   Bitcoin liquidations top $283M after short squeeze sends BTC price above $75K   ,2026-04-16,  CoinTelegraph  ,  https://cointelegraph.com/markets/bitcoin-liquidations-top-dollar283m-after-short-squeeze-sends-btc-price-above-dollar75k  
   Bitcoin funding rate stays negative even as BTC price trades above $75K: What gives?   ,2026-04-16,  CoinTelegraph  ,  https://cointelegraph.com/markets/bitcoin-funding-rate-stays-negative-even-as-btc-price-trades-above-75k-what-gives  
   Public crypto miners sold more BTC in Q1 2026 than all of 2025: Report   ,2026-04-16,  CoinTelegraph  ,  https://cointelegraph.com/news/publicly-mining-sold-btc-q1-2026-all-2025  
"   Bitcoin analysts see ‘further upside,’ and identify next price levels to watch   ",2026-04-16,  CoinTelegraph  ,  https://cointelegraph.com/markets/bitcoin-analysts-see-further-upside-and-identify-next-price-levels-to-watch  
   Bitcoin bull run ‘still too early’ to call as demand lags exiting capital: Analyst   ,2026-04-16,  CoinTelegraph  ,  https://cointelegraph.com/markets/bitcoin-bull-run-still-too-early-to-call-as-demand-lags-exiting-capital-analyst  
   Bitcoin rebounds near $74.5K as US stocks chase after new all-time highs   ,2026-04-16,  CoinTelegraph  ,  https://cointelegraph.com/markets/bitcoin-rebounds-near-dollar74-5k-as-us-stocks-chase-after-new-all-time-highs  
   Zonda exchange says 4.5K BTC wallet inaccessible amid withdrawal crisis   ,2026-04-16,  CoinTelegraph  ,  https://cointelegraph.com/news/zonda-crypto-4500-btc-wallet-inaccessible-withdrawal-crisis  
   Adam Back says Bitcoin’s post-quantum shift may reveal true Satoshi stash   ,2026-04-16,  CoinTelegraph  ,  https://cointelegraph.com/news/bitcoin-post-quantum-migration-reveal-satoshi-coins-adam-back  
   Europe’s Bitcoin treasury playbook won’t be a copy of Strategy: PBW 2026   ,2026-04-16,  CoinTelegraph  ,  https://cointelegraph.com/news/europe-bitcoin-treasury-model-not-copy-strategy-pbw  
